datetime,total
11-07-2019 15:35,23800
11-07-2019 16:10,15800
12-07-2019 11:49,58000
13-07-2019 13:19,14800
13-07-2019 13:22,15600
13-07-2019 14:54,15800
13-07-2019 15:08,15800
13-07-2019 15:09,14000
13-07-2019 15:23,19100
13-07-2019 16:32,22300
14-07-2019 11:08,15300
14-07-2019 11:15,27600
14-07-2019 11:44,26300
14-07-2019 11:59,19800
14-07-2019 12:59,18300
14-07-2019 13:05,15600
14-07-2019 14:06,23600
14-07-2019 14:41,20100
14-07-2019 14:51,25600
14-07-2019 15:02,19800
15-07-2019 11:45,15100
15-07-2019 16:21,15800
17-07-2019 11:47,17800
17-07-2019 13:23,14800
17-07-2019 14:16,23400
17-07-2019 16:32,18100
19-07-2019 11:43,14800
19-07-2019 12:11,15800
19-07-2019 12:36,21800
19-07-2019 12:44,20600
19-07-2019 13:35,14800
19-07-2019 13:50,15100
19-07-2019 14:12,58000
19-07-2019 15:33,35900
20-07-2019 11:19,15800
20-07-2019 11:35,18800
20-07-2019 11:40,22800
20-07-2019 11:44,16400
20-07-2019 12:08,15800
20-07-2019 12:13,26300
20-07-2019 12:31,14800
20-07-2019 12:55,15800
20-07-2019 13:19,20500
20-07-2019 13:44,18600
20-07-2019 13:56,17800
21-07-2019 11:07,18600
21-07-2019 11:42,17300
21-07-2019 12:12,17800
21-07-2019 12:25,14800
21-07-2019 12:29,16100
21-07-2019 12:47,21000
21-07-2019 13:37,19300
21-07-2019 13:45,22300
21-07-2019 14:05,18300
21-07-2019 14:53,15300
21-07-2019 15:21,15100
22-07-2019 11:38,15600
22-07-2019 12:16,19300
22-07-2019 12:24,18300
22-07-2019 12:41,18300
22-07-2019 13:28,16600
22-07-2019 13:44,14800
22-07-2019 14:47,26000
22-07-2019 15:37,19600
22-07-2019 16:54,18600
24-07-2019 11:29,16400
24-07-2019 11:56,27100
24-07-2019 13:24,18800
24-07-2019 14:25,25400
24-07-2019 14:28,26300
24-07-2019 15:36,16100
24-07-2019 15:40,16100
24-07-2019 16:02,16400
24-07-2019 17:20,15000
25-07-2019 11:49,18600
25-07-2019 11:57,26800
25-07-2019 12:01,35000
25-07-2019 12:35,38000
25-07-2019 13:01,23100
25-07-2019 13:05,17300
25-07-2019 13:40,19600
25-07-2019 13:42,15300
25-07-2019 14:12,16100
25-07-2019 15:09,14300
25-07-2019 15:57,15100
25-07-2019 16:03,20000
26-07-2019 11:26,25300
26-07-2019 11:23,73200
26-07-2019 11:31,22800
26-07-2019 11:36,1293000
26-07-2019 11:37,15000
26-07-2019 11:55,20800
26-07-2019 13:19,25900
26-07-2019 13:24,28100
26-07-2019 14:05,15800
26-07-2019 14:24,35000
26-07-2019 14:52,22100
26-07-2019 14:56,16100
27-07-2019 11:29,18800
27-07-2019 11:57,21800
27-07-2019 12:00,18600
27-07-2019 12:07,33200
27-07-2019 12:20,22800
27-07-2019 12:26,17000
27-07-2019 12:43,16400
27-07-2019 13:50,14800
27-07-2019 14:05,32600
28-07-2019 11:17,17300
28-07-2019 12:10,14800
28-07-2019 12:21,14800
28-07-2019 12:47,14300
28-07-2019 12:48,14800
28-07-2019 13:13,25600
28-07-2019 13:14,19500
29-07-2019 11:08,24800
29-07-2019 11:12,24100
28-07-2019 11:14,15800
29-07-2019 11:39,14800
29-07-2019 12:02,14800
29-07-2019 12:15,18300
29-07-2019 12:22,27900
29-07-2019 12:54,15800
29-07-2019 13:25,18100
29-07-2019 13:36,28000
29-07-2019 13:53,28000
31-07-2019 11:09,15600
31-07-2019 11:25,30100
31-07-2019 11:38,23300
31-07-2019 11:44,30200
31-07-2019 12:48,15100
31-07-2019 13:18,27300
31-07-2019 13:19,15300
31-07-2019 13:29,16100
31-07-2019 13:54,15100
31-07-2019 13:58,15800
01-08-2019 11:03,14500
01-08-2019 11:17,13100
01-08-2019 11:25,16100
01-08-2019 11:50,14800
01-08-2019 12:02,21100
01-08-2019 12:15,20600
01-08-2019 12:24,32600
01-08-2019 12:38,14500
01-08-2019 13:37,15100
01-08-2019 13:39,15000
01-08-2019 14:17,14800
01-08-2019 14:56,23000
02-08-2019 11:03,19900
02-08-2019 11:04,14100
02-08-2019 11:06,18000
02-08-2019 11:19,16400
02-08-2019 11:31,17300
02-08-2019 11:57,30800
02-08-2019 12:21,15800
02-08-2019 12:31,19900
02-08-2019 12:51,15800
03-08-2019 11:02,26000
03-08-2019 11:03,26100
03-08-2019 11:03,16000
03-08-2019 11:05,29100
03-08-2019 11:06,16800
03-08-2019 11:08,22800
03-08-2019 11:20,16600
03-08-2019 11:53,18800
03-08-2019 12:06,16400
03-08-2019 12:44,19300
03-08-2019 13:06,16400
03-08-2019 13:18,18300
03-08-2019 13:20,16300
03-08-2019 13:42,15800
03-08-2019 15:07,17900
03-08-2019 15:53,16400
04-08-2019 11:02,34800
04-08-2019 11:04,31600
04-08-2019 11:07,16400
04-08-2019 11:07,19300
04-08-2019 11:41,24300
04-08-2019 11:52,22100
04-08-2019 12:27,14800
04-08-2019 12:30,19500
04-08-2019 12:35,20600
04-08-2019 12:39,17800
05-08-2019 11:11,16300
05-08-2019 11:16,23100
05-08-2019 11:18,31400
05-08-2019 11:32,17000
05-08-2019 11:59,22300
05-08-2019 12:14,26600
05-08-2019 12:14,14800
05-08-2019 12:42,19600
05-08-2019 12:49,49300
05-08-2019 13:54,19800
05-08-2019 14:25,20800
05-08-2019 14:53,16300
07-08-2019 11:03,16300
07-08-2019 11:10,21200
07-08-2019 12:17,15300
07-08-2019 12:20,27300
07-08-2019 12:28,16100
07-08-2019 13:28,17600
07-08-2019 13:33,19500
07-08-2019 13:59,14800
07-08-2019 14:05,15000
07-08-2019 14:06,14100
07-08-2019 14:50,23800
08-08-2019 11:07,16100
08-08-2019 11:09,16400
08-08-2019 11:22,20300
08-08-2019 12:03,16500
08-08-2019 12:13,15100
08-08-2019 12:39,15300
08-08-2019 12:56,16000
08-08-2019 13:22,15800
08-08-2019 13:26,17300
08-08-2019 13:36,33200
08-08-2019 13:55,22300
08-08-2019 13:57,32400
08-08-2019 14:11,16100
08-08-2019 14:52,17000
08-08-2019 14:58,20500
09-08-2019 11:34,17000
09-08-2019 12:31,18600
09-08-2019 15:22,26000
09-08-2019 15:22,35800
09-08-2019 15:30,15100
10-08-2019 11:01,19600
10-08-2019 11:02,15300
10-08-2019 11:03,19100
10-08-2019 11:05,28600
10-08-2019 11:09,17300
10-08-2019 11:27,36800
10-08-2019 11:38,25300
10-08-2019 12:17,46200
10-08-2019 13:09,30200
10-08-2019 13:15,16600
10-08-2019 13:22,21200
10-08-2019 13:31,24400
11-08-2019 11:01,21800
11-08-2019 11:02,16800
11-08-2019 11:03,16000
11-08-2019 11:08,22800
11-08-2019 11:08,17800
11-08-2019 11:37,15800
11-08-2019 11:40,38900
11-08-2019 11:46,19600
11-08-2019 11:50,15300
11-08-2019 11:58,27900
11-08-2019 12:58,15800
11-08-2019 13:14,19300
11-08-2019 13:21,23100
11-08-2019 13:27,17300
12-08-2019 11:05,28400
12-08-2019 11:08,20800
12-08-2019 11:48,16300
12-08-2019 12:39,24300
12-08-2019 12:41,15800
12-08-2019 12:48,14800
12-08-2019 12:53,16300
12-08-2019 13:27,18300
12-08-2019 13:56,19100
12-08-2019 14:08,32100
12-08-2019 15:01,26000
14-08-2019 11:03,41200
14-08-2019 11:03,17800
14-08-2019 11:04,18300
14-08-2019 11:07,17300
14-08-2019 11:16,65600
14-08-2019 11:22,29000
14-08-2019 11:25,27300
14-08-2019 11:31,22300
14-08-2019 11:41,14300
14-08-2019 12:15,16400
15-08-2019 11:03,24100
15-08-2019 11:06,17300
15-08-2019 11:15,16100
15-08-2019 11:23,22100
15-08-2019 11:49,15100
15-08-2019 11:50,58000
15-08-2019 11:53,15000
15-08-2019 12:00,18900
15-08-2019 12:18,16400
16-08-2019 11:05,14800
16-08-2019 11:54,17800
16-08-2019 11:54,15100
16-08-2019 12:07,14100
16-08-2019 12:49,18300
16-08-2019 13:27,15800
17-08-2019 11:01,20100
17-08-2019 11:03,18300
17-08-2019 11:17,24100
17-08-2019 11:30,24300
17-08-2019 12:29,14800
17-08-2019 12:40,18800
17-08-2019 12:57,29600
17-08-2019 13:02,19800
17-08-2019 13:19,20300
17-08-2019 13:38,32600
17-08-2019 14:07,19000
18-08-2019 11:01,17300
18-08-2019 11:06,36900
18-08-2019 11:09,26600
18-08-2019 11:09,22800
18-08-2019 11:23,17800
18-08-2019 11:27,14100
18-08-2019 12:04,20000
18-08-2019 12:22,15000
18-08-2019 12:24,16000
18-08-2019 12:50,23800
18-08-2019 13:06,14300
18-08-2019 13:29,14800
18-08-2019 13:30,36100
18-08-2019 14:39,23000
18-08-2019 12:40,16300
19-08-2019 11:29,22800
19-08-2019 11:59,16800
19-08-2019 12:08,21300
19-08-2019 12:10,19300
19-08-2019 12:21,15800
19-08-2019 12:34,23600
19-08-2019 13:06,19300
19-08-2019 13:24,14800
19-08-2019 13:53,24300
19-08-2019 14:16,23800
19-08-2019 14:20,15300
19-08-2019 15:14,15300
19-08-2019 15:27,21600
19-08-2019 15:30,18800
21-08-2019 11:02,19900
21-08-2019 11:04,18800
21-08-2019 11:07,15300
21-08-2019 11:28,54000
21-08-2019 12:13,18300
21-08-2019 12:19,16100
21-08-2019 12:29,19300
21-08-2019 12:51,17500
21-08-2019 13:01,15800
21-08-2019 13:15,17000
21-08-2019 13:26,15600
21-08-2019 13:43,21100
21-08-2019 14:11,25000
21-08-2019 14:38,23000
22-08-2019 11:48,14800
22-08-2019 12:08,23300
22-08-2019 12:12,15800
22-08-2019 12:55,16400
22-08-2019 13:07,26600
22-08-2019 13:49,23400
22-08-2019 14:17,20600
22-08-2019 14:35,15800
22-08-2019 15:24,26000
23-08-2019 11:28,42200
23-08-2019 11:53,57700
23-08-2019 12:42,14100
23-08-2019 12:47,19800
23-08-2019 15:32,22000
24-08-2019 11:06,16000
24-08-2019 11:09,20100
24-08-2019 11:13,25600
24-08-2019 11:14,23100
24-08-2019 11:14,17300
24-08-2019 11:18,24900
24-08-2019 11:19,17300
24-08-2019 11:42,14300
24-08-2019 11:51,15600
24-08-2019 11:55,20800
24-08-2019 12:28,15800
24-08-2019 12:56,23300
24-08-2019 13:07,14800
24-08-2019 14:13,15300
25-08-2019 11:02,16400
25-08-2019 11:04,15300
25-08-2019 11:06,17300
25-08-2019 11:18,15300
25-08-2019 11:53,15300
25-08-2019 12:02,15800
25-08-2019 12:05,22100
25-08-2019 12:05,14100
25-08-2019 12:23,25300
25-08-2019 12:43,17400
25-08-2019 12:48,15100
25-08-2019 13:13,15600
26-08-2019 11:16,17800
26-08-2019 11:17,19900
26-08-2019 11:30,18000
26-08-2019 11:49,15500
26-08-2019 12:05,14800
26-08-2019 14:25,15300
26-08-2019 15:48,21600
26-08-2019 16:06,14000
26-08-2019 16:11,22800
28-08-2019 11:19,16300
28-08-2019 11:30,34100
28-08-2019 12:20,30400
28-08-2019 12:24,18000
28-08-2019 12:46,18600
28-08-2019 13:42,14800
28-08-2019 13:57,33400
28-08-2019 14:05,19300
29-08-2019 11:04,22300
29-08-2019 12:25,18300
29-08-2019 12:35,16100
29-08-2019 13:12,24000
29-08-2019 13:28,53800
29-08-2019 14:01,30800
29-08-2019 14:31,15500
29-08-2019 15:08,15000
29-08-2019 16:15,19000
29-08-2019 16:45,24300
29-08-2019 16:46,15100
30-08-2019 11:10,16400
30-08-2019 11:16,14800
30-08-2019 11:18,39300
30-08-2019 11:36,20600
30-08-2019 13:10,14300
30-08-2019 14:13,16000
30-08-2019 14:30,21200
30-08-2019 15:00,23100
30-08-2019 15:05,28800
30-08-2019 15:25,28300
30-08-2019 15:39,15500
30-08-2019 16:18,18800
31-08-2019 11:15,18600
31-08-2019 11:20,16300
31-08-2019 11:37,14800
31-08-2019 12:31,16300
31-08-2019 12:34,14800
31-08-2019 13:16,16000
31-08-2019 14:50,16100
31-08-2019 15:27,14100
01-09-2019 11:05,23300
01-09-2019 11:22,14800
01-09-2019 11:40,22100
01-09-2019 12:04,19600
01-09-2019 12:07,16600
01-09-2019 12:25,22900
01-09-2019 12:39,28300
01-09-2019 13:56,14800
01-09-2019 14:05,33100
01-09-2019 14:35,14800
01-09-2019 14:43,15800
01-09-2019 15:04,16100
02-09-2019 12:12,31400
02-09-2019 14:17,20300
02-09-2019 14:30,24300
02-09-2019 15:13,23500
02-09-2019 15:16,18300
02-09-2019 15:24,15000
04-09-2019 11:49,23000
04-09-2019 12:04,14800
04-09-2019 12:06,18600
04-09-2019 12:31,18600
04-09-2019 12:58,17000
04-09-2019 13:19,19300
04-09-2019 13:31,15300
04-09-2019 13:42,27700
04-09-2019 13:53,22800
04-09-2019 14:52,25600
04-09-2019 14:54,14800
04-09-2019 15:26,41100
04-09-2019 16:28,18600
05-09-2019 11:15,27700
05-09-2019 11:27,21800
05-09-2019 11:47,15100
05-09-2019 12:12,19600
05-09-2019 12:21,16400
05-09-2019 12:24,17600
05-09-2019 13:30,15600
05-09-2019 13:49,20900
05-09-2019 14:30,29200
05-09-2019 14:46,18800
05-09-2019 15:39,16100
05-09-2019 15:46,14800
05-09-2019 15:50,14100
06-09-2019 11:14,16300
06-09-2019 11:30,14800
06-09-2019 12:09,15300
06-09-2019 13:46,19800
06-09-2019 15:06,15800
06-09-2019 16:29,39700
07-09-2019 11:06,18600
07-09-2019 11:10,23600
07-09-2019 11:15,19800
07-09-2019 11:18,14100
07-09-2019 11:40,14800
07-09-2019 11:42,18800
07-09-2019 11:47,22500
07-09-2019 11:57,22800
07-09-2019 12:00,15300
07-09-2019 12:05,18600
07-09-2019 12:39,15100
07-09-2019 15:22,26300
07-09-2019 16:12,27500
07-09-2019 16:23,27400
08-09-2019 11:08,25100
08-09-2019 11:27,14800
08-09-2019 11:37,26000
08-09-2019 11:56,16400
09-09-2019 11:12,23100
09-09-2019 12:04,22600
09-09-2019 13:01,14800
09-09-2019 13:12,14800
09-09-2019 13:23,21000
09-09-2019 14:17,18800
09-09-2019 14:44,15100
09-09-2019 14:49,24100
09-09-2019 15:42,21800
09-09-2019 15:42,20400
09-09-2019 16:01,18600
11-09-2019 11:13,42300
11-09-2019 11:25,15600
11-09-2019 13:06,14300
11-09-2019 13:08,24400
11-09-2019 13:21,33400
11-09-2019 14:22,15300
11-09-2019 14:48,16300
11-09-2019 14:57,24600
11-09-2019 15:28,16400
11-09-2019 15:30,15100
12-09-2019 11:13,15000
12-09-2019 11:16,15800
12-09-2019 12:01,19800
12-09-2019 12:26,16400
12-09-2019 12:40,23300
12-09-2019 12:00,14300
12-09-2019 12:45,22100
12-09-2019 13:25,15100
12-09-2019 13:43,15800
12-09-2019 13:51,27600
14-09-2019 11:07,22800
14-09-2019 11:15,19500
14-09-2019 11:18,22300
14-09-2019 11:35,25400
14-09-2019 11:41,15100
14-09-2019 12:06,19300
14-09-2019 12:17,26300
15-09-2019 11:07,32200
15-09-2019 11:33,24600
15-09-2019 11:36,17000
15-09-2019 11:57,16000
15-09-2019 12:06,15800
15-09-2019 12:13,32600
15-09-2019 13:08,16100
15-09-2019 13:34,24400
15-09-2019 13:38,25300
15-09-2019 13:38,16300
15-09-2019 14:54,15100
15-09-2019 15:28,57900
18-09-2019 11:26,19800
18-09-2019 11:32,16500
18-09-2019 12:42,17500
18-09-2019 14:10,15300
18-09-2019 14:37,14300
18-09-2019 14:44,15300
18-09-2019 15:24,17000
18-09-2019 16:42,15500
18-09-2019 11:26,19600
19-09-2019 12:23,20000
19-09-2019 12:47,15300
19-09-2019 13:24,15300
19-09-2019 13:50,20900
19-09-2019 14:07,23300
19-09-2019 14:15,71800
19-09-2019 15:34,15000
19-09-2019 15:53,23100
19-09-2019 16:04,15600
19-09-2019 16:17,30500
19-09-2019 16:27,34600
19-09-2019 16:33,16000
20-09-2019 11:06,39700
20-09-2019 11:32,16400
20-09-2019 11:48,19300
20-09-2019 12:53,21000
20-09-2019 12:59,15100
20-09-2019 13:28,14800
20-09-2019 13:44,40400
20-09-2019 14:58,18300
20-09-2019 16:08,18000
21-09-2019 11:06,17800
21-09-2019 11:08,39300
21-09-2019 11:12,14000
21-09-2019 11:19,23600
21-09-2019 11:22,18300
21-09-2019 11:39,21100
21-09-2019 12:01,17000
21-09-2019 12:08,15800
21-09-2019 12:16,17600
21-09-2019 12:27,16100
21-09-2019 12:28,37900
21-09-2019 13:38,18800
21-09-2019 13:56,25100
21-09-2019 14:15,19300
22-09-2019 11:09,14100
22-09-2019 11:18,30900
22-09-2019 11:33,14500
22-09-2019 11:46,18600
22-09-2019 12:01,14100
22-09-2019 12:05,17000
22-09-2019 12:06,22300
22-09-2019 12:07,34100
22-09-2019 12:08,17800
22-09-2019 12:19,24300
22-09-2019 12:33,15300
22-09-2019 12:51,14800
22-09-2019 12:54,21300
22-09-2019 12:56,15100
22-09-2019 13:01,20000
23-09-2019 11:25,16300
23-09-2019 12:08,15800
23-09-2019 12:43,15000
23-09-2019 13:22,18300
23-09-2019 13:41,24600
23-09-2019 14:02,16400
23-09-2019 15:25,24900
23-09-2019 15:54,20500
23-09-2019 16:13,22300
25-09-2019 11:05,14800
25-09-2019 12:21,21500
25-09-2019 13:12,49700
25-09-2019 15:18,26300
25-09-2019 15:39,17800
25-09-2019 16:10,17300
26-09-2019 11:48,14500
26-09-2019 14:23,24800
26-09-2019 14:45,14800
27-09-2019 12:30,21300
27-09-2019 13:07,15800
27-09-2019 13:13,16400
27-09-2019 14:35,19600
27-09-2019 14:42,16400
27-09-2019 15:42,14800
27-09-2019 16:12,36100
28-09-2019 11:11,28700
28-09-2019 11:27,14300
28-09-2019 12:23,18000
28-09-2019 12:27,21800
28-09-2019 12:37,21800
28-09-2019 12:41,22100
28-09-2019 12:52,41400
28-09-2019 13:36,14800
28-09-2019 13:52,27100
28-09-2019 14:07,25800
28-09-2019 15:11,20100
28-09-2019 16:01,15300
28-09-2019 16:12,15800
29-09-2019 11:03,24400
29-09-2019 11:06,18800
29-09-2019 11:17,14800
29-09-2019 11:30,17000
29-09-2019 11:39,23100
29-09-2019 11:49,17300
29-09-2019 12:00,14800
29-09-2019 12:13,23800
29-09-2019 13:50,15300
29-09-2019 13:59,15300
29-09-2019 14:02,29900
29-09-2019 15:05,19600
29-09-2019 15:22,27800
29-09-2019 15:31,14800
30-09-2019 12:35,18600
30-09-2019 12:47,17300
30-09-2019 13:03,18600
30-09-2019 13:43,27600
30-09-2019 15:17,15500
30-09-2019 16:04,16000
02-10-2019 11:58,19300
02-10-2019 12:35,15500
02-10-2019 14:16,17000
02-10-2019 14:18,16000
02-10-2019 15:57,24500
02-10-2019 16:12,15000
03-10-2019 11:07,17800
03-10-2019 11:20,14300
03-10-2019 11:53,18300
03-10-2019 12:05,16100
03-10-2019 12:12,22300
03-10-2019 12:17,28300
03-10-2019 12:28,15800
03-10-2019 12:54,14300
03-10-2019 13:17,24000
03-10-2019 13:42,18800
03-10-2019 14:20,19600
03-10-2019 14:25,22800
03-10-2019 14:34,14800
03-10-2019 14:44,19300
03-10-2019 14:50,21800
03-10-2019 14:50,15400
03-10-2019 15:53,16000
04-10-2019 12:29,15100
04-10-2019 14:26,32900
05-10-2019 12:39,31800
05-10-2019 13:34,15300
05-10-2019 14:19,15800
05-10-2019 15:00,15500
05-10-2019 11:03,20900
06-10-2019 11:08,15800
06-10-2019 11:25,21300
06-10-2019 11:58,18300
06-10-2019 12:05,15300
06-10-2019 12:31,16300
06-10-2019 12:51,25300
06-10-2019 13:51,19300
07-10-2019 11:12,19800
07-10-2019 12:00,16100
07-10-2019 12:24,17300
07-10-2019 13:31,15100
07-10-2019 15:41,15600
07-10-2019 16:12,17300
07-10-2019 16:49,16100
09-10-2019 11:09,14300
09-10-2019 11:18,16100
09-10-2019 11:21,14800
10-10-2019 12:02,15100
10-10-2019 12:08,18300
10-10-2019 12:49,18600
10-10-2019 13:05,68100
10-10-2019 14:32,16400
11-10-2019 11:18,14800
11-10-2019 11:24,17300
11-10-2019 11:34,14800
11-10-2019 12:38,15100
11-10-2019 14:09,20800
11-10-2019 14:29,15500
11-10-2019 15:00,14800
12-10-2019 11:07,20500
12-10-2019 11:40,15100
12-10-2019 12:00,17300
12-10-2019 12:38,15800
12-10-2019 13:02,19300
12-10-2019 13:11,23800
12-10-2019 13:23,15300
12-10-2019 15:22,26000
13-10-2019 11:08,14500
13-10-2019 11:10,14500
13-10-2019 11:18,22800
13-10-2019 11:20,25800
13-10-2019 11:30,15000
13-10-2019 12:55,18500
13-10-2019 13:01,14800
13-10-2019 13:07,17300
13-10-2019 13:15,41100
13-10-2019 13:48,21500
13-10-2019 14:32,15600
13-10-2019 14:42,22800
13-10-2019 14:48,21300
13-10-2019 14:54,27600
14-10-2019 11:08,26000
14-10-2019 11:26,26900
14-10-2019 11:40,14800
14-10-2019 12:09,14800
14-10-2019 12:21,17300
14-10-2019 13:22,14500
14-10-2019 13:47,18300
14-10-2019 13:56,16400
14-10-2019 15:21,28500
16-10-2019 11:09,22800
16-10-2019 11:12,28900
16-10-2019 11:48,15500
16-10-2019 12:15,22000
16-10-2019 13:03,23300
16-10-2019 14:31,20300
16-10-2019 15:01,15600
17-10-2019 11:47,14800
17-10-2019 12:35,14800
17-10-2019 12:48,15800
17-10-2019 12:49,15300
17-10-2019 13:05,18300
17-10-2019 13:16,24800
17-10-2019 13:50,32300
17-10-2019 14:45,16300
17-10-2019 15:41,18600
17-10-2019 16:00,15800
18-10-2019 11:43,51900
18-10-2019 12:08,17000
18-10-2019 13:57,15300
19-10-2019 11:09,15000
19-10-2019 11:13,29000
19-10-2019 11:17,29100
19-10-2019 11:24,16300
19-10-2019 11:45,18000
19-10-2019 11:55,15800
19-10-2019 12:00,18300
19-10-2019 12:49,14800
19-10-2019 14:45,14800
19-10-2019 15:56,15800
19-10-2019 16:20,15100
20-10-2019 11:05,14800
20-10-2019 11:18,18600
20-10-2019 11:25,19800
20-10-2019 11:34,28100
20-10-2019 11:58,16300
20-10-2019 12:03,17300
20-10-2019 12:49,14300
20-10-2019 12:52,16400
20-10-2019 12:55,35200
20-10-2019 14:24,16100
20-10-2019 14:59,16400
21-10-2019 11:19,18300
21-10-2019 11:27,16300
21-10-2019 11:34,22800
21-10-2019 11:36,20800
21-10-2019 11:27,17300
21-10-2019 11:47,28600
21-10-2019 11:58,47600
21-10-2019 12:36,33700
21-10-2019 12:48,15800
21-10-2019 13:28,14800
21-10-2019 13:47,54700
21-10-2019 17:06,16400
23-10-2019 11:06,15800
23-10-2019 11:17,17300
23-10-2019 13:12,23600
23-10-2019 13:56,14500
24-10-2019 11:03,25300
24-10-2019 11:18,18800
24-10-2019 11:53,21800
24-10-2019 12:35,28300
24-10-2019 12:59,26900
24-10-2019 13:35,17300
24-10-2019 11:06,15100
24-10-2019 14:06,15800
24-10-2019 14:25,21000
24-10-2019 16:35,15300
24-10-2019 17:18,14300
25-10-2019 11:15,18300
25-10-2019 11:16,27300
25-10-2019 11:51,22800
25-10-2019 12:31,14300
25-10-2019 12:33,15000
25-10-2019 13:45,17500
25-10-2019 14:16,18600
26-10-2019 11:03,14800
26-10-2019 11:54,25800
26-10-2019 12:07,14800
26-10-2019 12:47,17300
26-10-2019 12:47,20600
26-10-2019 12:52,20100
26-10-2019 13:04,15100
27-10-2019 23:02,35600
27-10-2019 11:02,16000
27-10-2019 11:18,14800
27-10-2019 11:33,17800
27-10-2019 11:51,19800
27-10-2019 11:57,22300
27-10-2019 12:40,17300
27-10-2019 12:51,18800
27-10-2019 13:01,14800
27-10-2019 13:20,15800
27-10-2019 13:42,18500
28-10-2019 11:14,19800
28-10-2019 11:17,14800
28-10-2019 11:40,15800
28-10-2019 12:15,18300
28-10-2019 12:55,14800
28-10-2019 13:31,23300
28-10-2019 13:39,17300
28-10-2019 13:43,15000
28-10-2019 13:45,26600
28-10-2019 14:20,34600
28-10-2019 14:30,14800
31-10-2019 11:05,55800
31-10-2019 12:18,14800
31-10-2019 13:29,25000
01-11-2019 11:10,14100
01-11-2019 11:46,21800
01-11-2019 11:55,23000
01-11-2019 12:11,19100
01-11-2019 12:56,14800
01-11-2019 13:52,22000
02-11-2019 11:08,30400
02-11-2019 11:27,16800
02-11-2019 11:45,16100
02-11-2019 12:01,14100
02-11-2019 12:44,17500
02-11-2019 13:56,14800
02-11-2019 14:19,22300
02-11-2019 14:35,15000
02-11-2019 14:38,16300
02-11-2019 15:55,14800
02-11-2019 16:03,14800
02-11-2019 16:40,28800
02-11-2019 16:54,14300
03-11-2019 11:02,20800
03-11-2019 11:04,23100
03-11-2019 11:16,19800
03-11-2019 12:01,33700
03-11-2019 12:25,17800
03-11-2019 12:58,16100
03-11-2019 13:33,27900
03-11-2019 14:30,15100
03-11-2019 15:06,14500
03-11-2019 15:30,14800
04-11-2019 11:41,16000
04-11-2019 11:53,15000
04-11-2019 13:13,26600
04-11-2019 13:17,17500
04-11-2019 16:37,17000
06-11-2019 11:07,16000
06-11-2019 11:47,24600
06-11-2019 12:04,18300
06-11-2019 13:23,14800
06-11-2019 14:33,15100
06-11-2019 16:15,24800
06-11-2019 16:53,16000
07-11-2019 11:20,15300
07-11-2019 11:26,14800
07-11-2019 12:31,14800
07-11-2019 13:33,34800
07-11-2019 13:43,27900
07-11-2019 14:44,26800
07-11-2019 15:21,16800
07-11-2019 16:26,16600
08-11-2019 11:36,22800
08-11-2019 12:56,16400
08-11-2019 13:03,19900
08-11-2019 13:12,36000
08-11-2019 14:12,23300
08-11-2019 14:46,15600
08-11-2019 15:01,14800
08-11-2019 15:02,27800
08-11-2019 15:12,30000
08-11-2019 11:36,16400
09-11-2019 11:36,18300
09-11-2019 11:36,20600
09-11-2019 11:36,19300
09-11-2019 11:36,26100
09-11-2019 11:36,21300
09-11-2019 11:36,27300
09-11-2019 11:36,35700
09-11-2019 11:36,18800
09-11-2019 11:36,14800
09-11-2019 14:06,15800
09-11-2019 14:48,15800
09-11-2019 15:40,14800
09-11-2019 16:23,14800
09-11-2019 16:49,15800
10-11-2019 11:04,18000
10-11-2019 11:06,14800
10-11-2019 11:10,21100
10-11-2019 11:20,32800
10-11-2019 11:27,17000
10-11-2019 11:29,19600
10-11-2019 11:41,15800
10-11-2019 11:44,16100
10-11-2019 11:55,29100
10-11-2019 12:11,19300
10-11-2019 12:45,14800
10-11-2019 13:09,23800
10-11-2019 13:10,19800
10-11-2019 13:35,24600
10-11-2019 11:27,15400
10-11-2019 14:21,18600
10-11-2019 15:32,20900
10-11-2019 15:52,15800
11-11-2019 11:32,26600
11-11-2019 12:00,18600
11-11-2019 12:59,15300
11-11-2019 14:00,19300
11-11-2019 14:39,20300
11-11-2019 17:25,28300
13-11-2019 11:05,22300
13-11-2019 11:37,30100
13-11-2019 11:46,15800
13-11-2019 12:04,15800
13-11-2019 12:29,15300
13-11-2019 14:45,14800
13-11-2019 16:23,15800
13-11-2019 17:22,15100
14-11-2019 11:02,16400
14-11-2019 12:52,16300
14-11-2019 13:10,39300
15-11-2019 11:50,18500
15-11-2019 13:06,14800
15-11-2019 13:09,16100
15-11-2019 13:44,18500
15-11-2019 14:39,17300
15-11-2019 15:19,14800
15-11-2019 16:30,70700
16-11-2019 11:07,23800
16-11-2019 11:18,15100
16-11-2019 12:21,18500
16-11-2019 13:38,21100
16-11-2019 14:15,16600
16-11-2019 14:21,24800
16-11-2019 16:13,19100
16-11-2019 16:21,14300
17-11-2019 11:06,26300
17-11-2019 11:07,23800
17-11-2019 11:07,22300
17-11-2019 11:07,14800
17-11-2019 11:09,15800
17-11-2019 11:24,16500
17-11-2019 11:40,17500
17-11-2019 11:57,16300
17-11-2019 12:01,19600
17-11-2019 13:18,23300
17-11-2019 14:10,18100
17-11-2019 14:12,14000
17-11-2019 14:23,23500
17-11-2019 15:25,17300
17-11-2019 15:55,20600
17-11-2019 15:58,14800
17-11-2019 16:45,14500
18-11-2019 11:11,18000
18-11-2019 11:16,15100
18-11-2019 13:55,14000
18-11-2019 14:36,28800
18-11-2019 15:17,22800
20-11-2019 11:08,28100
20-11-2019 12:46,17300
20-11-2019 12:59,20300
20-11-2019 13:24,23800
20-11-2019 15:52,15000
20-11-2019 16:28,16300
20-11-2019 16:59,15500
21-11-2019 11:08,26000
21-11-2019 14:44,19600
21-11-2019 16:37,16000
22-11-2019 12:25,21000
22-11-2019 12:25,16300
22-11-2019 16:02,12800
22-11-2019 17:05,16600
23-11-2019 11:55,19300
23-11-2019 12:00,36100
23-11-2019 13:30,17800
23-11-2019 13:44,18800
23-11-2019 14:39,14300
23-11-2019 15:23,14800
23-11-2019 15:30,22300
23-11-2019 15:54,19500
23-11-2019 16:15,15300
24-11-2019 11:29,19800
24-11-2019 12:21,20800
24-11-2019 12:26,18300
24-11-2019 12:56,33700
24-11-2019 12:57,14500
24-11-2019 13:00,17300
24-11-2019 13:13,14800
24-11-2019 13:34,39000
24-11-2019 13:39,18800
24-11-2019 13:44,20300
24-11-2019 13:53,19300
24-11-2019 14:27,14100
24-11-2019 14:59,18800
24-11-2019 16:32,19500
25-11-2019 11:05,19800
25-11-2019 11:08,18800
25-11-2019 11:31,54100
25-11-2019 12:25,18000
25-11-2019 12:54,26300
25-11-2019 13:42,15800
25-11-2019 14:00,14800
27-11-2019 12:02,33400
27-11-2019 12:35,15300
27-11-2019 12:59,15800
27-11-2019 13:07,14800
27-11-2019 13:34,17300
27-11-2019 14:00,14100
27-11-2019 14:16,16500
28-11-2019 11:48,38600
28-11-2019 12:53,15300
28-11-2019 13:15,25300
28-11-2019 13:16,17500
28-11-2019 14:15,18300
28-11-2019 14:28,15100
28-11-2019 14:48,40000
28-11-2019 15:09,19300
29-11-2019 11:05,15800
29-11-2019 12:03,16300
29-11-2019 12:50,15800
29-11-2019 13:23,19300
29-11-2019 13:31,25000
29-11-2019 13:39,17300
29-11-2019 14:42,15300
29-11-2019 15:05,14300
29-11-2019 15:27,15000
29-11-2019 15:30,14800
29-11-2019 16:12,28100
30-11-2019 11:01,22100
30-11-2019 11:09,20400
30-11-2019 11:10,22800
30-11-2019 11:43,15800
30-11-2019 11:56,31400
30-11-2019 13:01,38200
30-11-2019 13:44,25100
30-11-2019 13:49,20300
30-11-2019 14:24,15800
30-11-2019 17:04,27600
01-12-2019 11:03,22100
01-12-2019 11:29,14800
01-12-2019 11:40,15300
01-12-2019 11:48,15300
01-12-2019 11:54,15300
01-12-2019 12:11,23100
01-12-2019 12:23,23100
01-12-2019 12:35,23000
01-12-2019 12:55,19000
01-12-2019 13:15,15800
01-12-2019 13:28,20300
01-12-2019 14:24,31100
01-12-2019 14:29,20800
01-12-2019 16:18,18600
01-12-2019 16:51,18300
02-12-2019 11:03,17500
02-12-2019 13:03,16100
02-12-2019 13:06,20600
02-12-2019 13:38,14800
02-12-2019 14:42,22800
02-12-2019 16:22,14300
04-12-2019 11:06,20300
04-12-2019 11:10,23300
04-12-2019 11:13,16600
04-12-2019 11:18,35000
04-12-2019 11:47,17500
04-12-2019 13:26,14800
04-12-2019 13:30,19600
04-12-2019 13:33,16100
04-12-2019 13:34,16000
04-12-2019 13:51,15300
04-12-2019 14:58,20500
05-12-2019 11:05,57700
05-12-2019 11:08,15300
05-12-2019 12:32,16000
05-12-2019 12:39,21800
05-12-2019 13:00,25000
05-12-2019 13:56,14800
05-12-2019 14:48,36000
05-12-2019 15:22,15800
06-12-2019 11:08,22100
06-12-2019 11:23,14800
06-12-2019 11:31,20500
06-12-2019 11:38,13800
06-12-2019 11:49,14800
06-12-2019 12:17,20100
06-12-2019 12:23,15000
06-12-2019 12:26,16300
06-12-2019 12:43,27500
06-12-2019 12:51,16300
06-12-2019 15:25,13800
07-12-2019 11:41,17500
07-12-2019 12:02,14800
07-12-2019 12:28,16100
07-12-2019 13:36,14800
07-12-2019 13:39,30800
07-12-2019 13:50,14500
07-12-2019 13:55,28600
07-12-2019 14:02,13600
07-12-2019 14:34,19900
07-12-2019 14:35,15100
08-12-2019 11:02,17300
08-12-2019 11:11,27600
08-12-2019 11:22,20500
08-12-2019 11:50,18000
08-12-2019 12:11,15300
08-12-2019 12:22,15300
08-12-2019 12:33,23000
08-12-2019 12:41,22600
08-12-2019 12:49,30600
08-12-2019 12:52,20300
08-12-2019 13:02,25400
08-12-2019 13:12,15800
08-12-2019 13:22,15800
08-12-2019 13:44,28100
08-12-2019 13:57,17000
08-12-2019 13:57,18300
08-12-2019 14:06,16100
08-12-2019 14:08,19800
08-12-2019 14:57,25100
08-12-2019 11:03,17100
09-12-2019 11:31,14800
09-12-2019 12:09,33100
09-12-2019 13:22,15300
09-12-2019 13:35,29800
09-12-2019 13:54,15800
09-12-2019 14:19,16600
09-12-2019 17:01,17100
11-12-2019 11:26,15300
11-12-2019 11:36,15000
11-12-2019 11:36,22000
11-12-2019 11:37,18800
11-12-2019 12:02,14000
11-12-2019 12:09,21500
11-12-2019 13:32,21500
11-12-2019 14:08,17300
11-12-2019 14:26,32000
11-12-2019 15:05,14500
11-12-2019 15:07,14300
12-12-2019 11:15,29200
12-12-2019 11:27,14800
12-12-2019 11:48,22300
12-12-2019 12:50,20600
12-12-2019 12:57,23300
12-12-2019 13:41,17400
12-12-2019 14:09,16300
12-12-2019 14:34,16300
12-12-2019 14:52,19500
12-12-2019 17:22,21800
13-12-2019 11:27,21100
13-12-2019 11:45,16400
13-12-2019 12:40,22800
13-12-2019 14:21,14800
13-12-2019 15:53,16800
13-12-2019 16:48,14000
14-12-2019 11:51,40500
14-12-2019 11:59,17300
14-12-2019 12:19,23800
14-12-2019 12:41,18300
14-12-2019 12:51,19300
14-12-2019 13:14,15800
14-12-2019 14:15,16800
15-12-2019 12:14,19300
15-12-2019 12:14,26000
15-12-2019 13:41,15000
15-12-2019 13:43,14000
15-12-2019 14:06,45400
15-12-2019 14:46,21800
15-12-2019 15:16,15300
15-12-2019 15:53,17100
16-12-2019 11:12,15300
16-12-2019 11:41,18900
16-12-2019 12:07,14100
16-12-2019 12:58,14800
16-12-2019 13:21,16800
16-12-2019 13:37,14500
16-12-2019 14:26,20300
16-12-2019 14:31,23600
16-12-2019 14:32,19500
18-12-2019 11:22,52800
18-12-2019 12:39,14000
18-12-2019 12:45,19600
18-12-2019 13:28,14100
18-12-2019 13:51,19600
18-12-2019 14:40,15500
18-12-2019 15:05,19100
18-12-2019 15:23,51200
19-12-2019 11:29,24800
19-12-2019 11:45,35300
19-12-2019 12:16,14300
19-12-2019 12:17,15800
19-12-2019 13:02,15600
19-12-2019 13:04,16400
19-12-2019 13:06,32500
19-12-2019 13:21,14300
19-12-2019 13:53,16600
20-12-2019 11:18,16800
20-12-2019 11:53,16300
20-12-2019 13:29,21600
20-12-2019 14:29,19300
20-12-2019 15:37,16800
20-12-2019 16:43,31100
21-12-2019 11:04,15100
21-12-2019 11:52,14800
21-12-2019 12:02,19800
21-12-2019 12:17,15300
21-12-2019 12:24,25300
21-12-2019 13:29,18500
21-12-2019 13:58,20000
21-12-2019 14:18,15800
21-12-2019 14:28,18500
21-12-2019 14:43,30900
22-12-2019 11:05,14800
22-12-2019 11:33,46000
22-12-2019 11:38,19300
22-12-2019 12:21,19300
22-12-2019 13:54,15300
22-12-2019 14:03,16000
22-12-2019 14:17,20300
22-12-2019 14:35,19300
22-12-2019 14:45,19000
22-12-2019 15:10,15000
22-12-2019 15:53,19600
23-12-2019 11:31,26100
23-12-2019 12:06,23800
23-12-2019 13:05,25600
23-12-2019 13:37,27300
23-12-2019 13:57,30300
23-12-2019 14:42,19500
23-12-2019 15:03,14000
24-12-2019 11:13,15300
24-12-2019 11:17,21400
24-12-2019 13:14,19300
25-12-2019 11:29,24100
25-12-2019 11:55,15300
25-12-2019 12:16,14800
25-12-2019 14:47,20000
25-12-2019 15:00,18300
25-12-2019 17:14,17000
26-12-2019 12:16,20500
26-12-2019 12:18,26600
26-12-2019 13:47,14500
26-12-2019 14:06,15600
26-12-2019 15:18,15300
27-12-2019 11:39,16300
27-12-2019 12:45,15800
27-12-2019 12:49,15000
28-12-2019 11:10,16100
28-12-2019 11:48,14800
28-12-2019 12:04,17000
28-12-2019 12:09,22300
28-12-2019 12:35,20900
28-12-2019 13:09,35600
28-12-2019 13:12,18800
28-12-2019 13:31,21500
28-12-2019 13:47,18800
28-12-2019 14:20,22000
28-12-2019 14:51,17000
28-12-2019 14:55,21500
28-12-2019 14:58,24300
28-12-2019 15:52,19300
28-12-2019 16:18,58900
28-12-2019 16:38,21100
29-12-2019 11:16,14000
29-12-2019 11:34,15300
29-12-2019 12:11,15300
29-12-2019 12:24,23900
29-12-2019 12:39,14800
29-12-2019 12:52,23800
29-12-2019 13:03,19800
29-12-2019 13:34,14800
29-12-2019 13:43,15800
29-12-2019 14:26,14800
29-12-2019 14:32,15000
29-12-2019 14:39,14000
29-12-2019 14:42,22800
29-12-2019 16:02,25500
30-12-2019 11:27,19800
30-12-2019 11:44,15300
30-12-2019 12:23,91300
30-12-2019 14:35,53900
30-12-2019 15:12,16100
30-12-2019 15:22,26100
30-12-2019 15:44,15800
02-01-2020 11:22,15000
02-01-2020 11:23,20300
02-01-2020 11:33,42900
02-01-2020 12:17,16500
02-01-2020 12:27,14300
02-01-2020 12:33,14800
02-01-2020 12:50,29300
02-01-2020 14:06,17600
02-01-2020 14:16,16500
02-01-2020 15:40,46900
03-01-2020 11:03,21600
03-01-2020 11:14,15500
03-01-2020 11:17,20300
03-01-2020 11:59,16300
03-01-2020 13:44,17300
03-01-2020 14:05,17000
03-01-2020 14:17,43100
03-01-2020 14:18,18000
03-01-2020 15:41,16100
03-01-2020 16:06,17300
03-01-2020 16:25,15100
03-01-2020 17:23,20600
04-01-2020 11:03,23800
04-01-2020 11:10,14800
04-01-2020 12:51,24800
04-01-2020 14:36,15300
04-01-2020 14:52,17400
04-01-2020 16:02,15100
04-01-2020 17:23,16500
05-01-2020 11:03,16800
05-01-2020 11:10,18600
05-01-2020 11:13,26700
05-01-2020 11:19,14300
05-01-2020 11:23,18000
05-01-2020 12:15,16400
05-01-2020 12:37,14300
05-01-2020 13:49,20300
05-01-2020 13:59,14500
05-01-2020 14:06,23800
05-01-2020 14:46,18300
05-01-2020 14:54,14300
05-01-2020 15:06,24400
05-01-2020 16:54,15300
05-01-2020 17:25,19600
06-01-2020 12:25,14800
06-01-2020 12:30,30800
06-01-2020 12:43,18300
06-01-2020 12:50,17300
06-01-2020 16:00,14300
06-01-2020 16:30,14000
08-01-2020 11:15,18100
08-01-2020 11:26,26000
08-01-2020 12:42,22600
08-01-2020 12:47,30300
08-01-2020 13:08,21200
08-01-2020 13:15,41400
08-01-2020 13:31,18300
08-01-2020 15:19,27200
08-01-2020 15:42,19800
08-01-2020 16:33,26900
09-01-2020 11:12,35700
09-01-2020 11:39,28300
09-01-2020 12:09,17000
09-01-2020 12:27,28800
09-01-2020 12:34,18300
09-01-2020 13:44,21900
09-01-2020 13:59,19800
09-01-2020 15:22,23300
09-01-2020 15:42,19600
09-01-2020 15:59,17600
09-01-2020 16:00,14800
09-01-2020 17:00,14800
10-01-2020 11:07,16300
10-01-2020 12:51,21800
10-01-2020 12:57,19600
10-01-2020 13:42,20100
10-01-2020 13:51,15800
10-01-2020 14:11,14300
10-01-2020 14:48,19300
10-01-2020 15:10,19300
11-01-2020 11:03,29000
11-01-2020 13:03,20600
11-01-2020 13:11,15100
11-01-2020 13:16,19600
11-01-2020 14:09,14800
11-01-2020 14:19,18300
11-01-2020 15:10,15800
11-01-2020 15:42,15800
12-01-2020 11:03,17300
12-01-2020 11:03,21800
12-01-2020 12:16,44100
12-01-2020 12:19,45400
12-01-2020 12:30,16000
12-01-2020 12:42,18000
12-01-2020 13:23,18300
12-01-2020 14:11,14800
12-01-2020 14:19,24400
12-01-2020 14:31,14500
12-01-2020 16:05,14500
12-01-2020 16:23,19600
12-01-2020 16:30,17000
12-01-2020 17:05,21300
13-01-2020 11:52,20300
13-01-2020 11:59,15300
13-01-2020 12:23,19000
13-01-2020 13:49,19300
13-01-2020 15:44,15100
13-01-2020 15:50,20500
13-01-2020 15:52,14800
13-01-2020 16:55,14500
15-01-2020 11:04,20300
15-01-2020 11:08,17300
15-01-2020 11:24,15500
15-01-2020 11:28,116500
15-01-2020 12:19,16000
15-01-2020 13:01,18300
15-01-2020 13:16,15000
15-01-2020 13:22,26300
15-01-2020 14:46,18800
16-01-2020 11:28,18800
16-01-2020 14:09,14800
17-01-2020 11:46,14800
17-01-2020 12:13,26600
17-01-2020 12:26,16300
17-01-2020 13:30,16300
17-01-2020 14:15,17800
17-01-2020 14:17,15300
18-01-2020 11:16,18300
18-01-2020 12:31,25800
18-01-2020 13:17,15000
18-01-2020 14:11,34700
18-01-2020 14:36,16500
18-01-2020 14:52,14300
18-01-2020 15:27,23600
18-01-2020 16:12,14500
19-01-2020 11:05,19300
19-01-2020 11:09,14800
19-01-2020 11:09,31100
19-01-2020 11:18,20600
19-01-2020 11:21,37000
19-01-2020 11:49,14500
19-01-2020 12:40,16300
19-01-2020 12:52,32100
19-01-2020 13:17,24300
19-01-2020 13:22,21100
19-01-2020 14:18,23900
19-01-2020 14:23,15100
19-01-2020 15:53,19100
19-01-2020 15:54,27400
19-01-2020 16:21,19800
19-01-2020 16:52,17800
20-01-2020 11:25,23800
20-01-2020 11:32,15000
20-01-2020 12:46,14800
20-01-2020 13:28,19500
20-01-2020 13:59,19300
22-01-2020 11:09,16100
22-01-2020 11:50,18100
22-01-2020 12:04,20300
22-01-2020 13:44,18300
22-01-2020 14:17,18500
22-01-2020 15:22,14500
22-01-2020 16:08,14800
22-01-2020 16:14,15600
23-01-2020 11:08,77100
23-01-2020 11:17,58700
23-01-2020 11:37,14100
23-01-2020 11:45,18800
23-01-2020 12:07,17800
23-01-2020 14:04,18600
23-01-2020 14:08,15000
23-01-2020 14:57,26000
23-01-2020 15:26,27500
23-01-2020 15:53,14800
24-01-2020 11:37,23800
24-01-2020 11:40,14800
24-01-2020 11:50,15300
26-01-2020 11:07,14800
26-01-2020 12:16,15000
26-01-2020 12:30,14800
26-01-2020 12:36,28100
26-01-2020 12:50,34900
26-01-2020 13:09,18000
26-01-2020 15:53,16800
27-01-2020 11:02,21600
27-01-2020 12:17,27600
27-01-2020 12:32,21800
27-01-2020 12:57,20300
27-01-2020 13:29,26000
27-01-2020 13:29,20100
27-01-2020 13:31,20600
29-01-2020 11:09,15300
29-01-2020 11:46,17500
29-01-2020 12:23,14800
29-01-2020 12:23,15100
29-01-2020 14:07,15800
29-01-2020 15:31,25900
30-01-2020 11:43,23300
30-01-2020 11:53,28800
30-01-2020 11:54,42900
30-01-2020 12:15,34300
30-01-2020 12:26,26600
30-01-2020 13:20,29600
30-01-2020 14:26,23300
30-01-2020 14:27,16000
30-01-2020 15:15,21100
31-01-2020 11:11,16800
31-01-2020 11:17,15300
31-01-2020 11:21,19800
31-01-2020 11:32,22500
31-01-2020 12:06,14800
31-01-2020 12:36,29900
31-01-2020 13:09,20300
31-01-2020 13:39,15000
31-01-2020 13:47,15000
31-01-2020 14:15,16800
31-01-2020 16:45,15000
01-02-2020 11:05,15100
01-02-2020 12:56,17300
01-02-2020 13:18,15300
01-02-2020 13:42,19300
01-02-2020 13:50,23600
01-02-2020 14:06,15800
01-02-2020 14:10,15300
01-02-2020 15:40,32400
01-02-2020 15:49,19600
02-02-2020 11:05,15000
02-02-2020 11:05,19300
02-02-2020 11:32,22300
02-02-2020 11:34,15800
02-02-2020 11:49,30800
02-02-2020 12:06,21400
02-02-2020 12:17,16800
02-02-2020 12:18,16000
02-02-2020 12:21,18300
02-02-2020 12:24,15300
02-02-2020 12:42,17300
02-02-2020 13:10,17800
02-02-2020 13:31,14500
02-02-2020 13:33,19300
02-02-2020 14:16,15100
02-02-2020 14:58,16100
02-02-2020 15:37,15800
02-02-2020 16:13,16100
02-02-2020 17:29,19600
03-02-2020 12:52,45500
03-02-2020 15:30,16100
03-02-2020 14:26,16300
03-02-2020 16:42,15800
05-02-2020 11:08,20600
05-02-2020 11:23,19800
05-02-2020 11:48,34100
05-02-2020 11:54,21500
05-02-2020 11:56,27600
05-02-2020 12:07,21600
05-02-2020 12:32,16300
05-02-2020 12:36,17500
05-02-2020 13:12,21300
05-02-2020 13:48,14300
05-02-2020 14:08,50000
05-02-2020 15:58,17300
06-02-2020 11:05,14500
06-02-2020 11:13,15800
06-02-2020 11:15,15100
06-02-2020 11:16,20900
06-02-2020 11:34,18600
06-02-2020 12:29,15600
06-02-2020 12:31,15000
06-02-2020 12:36,14800
06-02-2020 13:13,21300
06-02-2020 13:31,18800
06-02-2020 14:58,20300
06-02-2020 15:55,15300
07-02-2020 11:14,16300
07-02-2020 11:51,17800
07-02-2020 12:39,33300
07-02-2020 12:44,29300
07-02-2020 12:48,15800
07-02-2020 12:56,17900
07-02-2020 13:41,18300
07-02-2020 14:51,14800
07-02-2020 15:14,19300
07-02-2020 15:34,21800
07-02-2020 15:40,26300
07-02-2020 16:23,20000
07-02-2020 16:41,21800
07-02-2020 17:28,16100
08-02-2020 11:31,23600
08-02-2020 11:57,14800
08-02-2020 12:24,22800
08-02-2020 12:38,21200
08-02-2020 12:54,14800
08-02-2020 13:01,24300
08-02-2020 13:14,25600
08-02-2020 13:24,16500
08-02-2020 13:27,25800
08-02-2020 14:42,19800
08-02-2020 15:22,22800
08-02-2020 15:24,20800
09-02-2020 11:03,19300
09-02-2020 11:03,30000
09-02-2020 11:09,18300
09-02-2020 11:52,34300
09-02-2020 12:16,20800
09-02-2020 12:17,21200
09-02-2020 12:23,17300
09-02-2020 12:33,19800
09-02-2020 12:36,15800
09-02-2020 12:54,22300
09-02-2020 13:47,16300
09-02-2020 13:54,18300
09-02-2020 14:34,14000
09-02-2020 15:15,18500
09-02-2020 15:48,24400
09-02-2020 16:07,16300
09-02-2020 16:32,14800
10-02-2020 11:31,15300
10-02-2020 11:41,19300
10-02-2020 13:24,15000
10-02-2020 14:03,16000
12-02-2020 11:03,16800
12-02-2020 11:04,15000
12-02-2020 11:04,37600
12-02-2020 11:12,16300
12-02-2020 11:19,21200
12-02-2020 11:41,19600
12-02-2020 12:10,19300
12-02-2020 12:48,53600
12-02-2020 14:09,31600
12-02-2020 14:35,55200
12-02-2020 15:12,24500
12-02-2020 16:21,22500
12-02-2020 17:21,21300
13-02-2020 11:20,15500
13-02-2020 11:35,14300
13-02-2020 12:23,14800
13-02-2020 12:28,18300
13-02-2020 14:10,16100
13-02-2020 15:22,31300
14-02-2020 12:44,27300
14-02-2020 12:58,23300
14-02-2020 13:06,16300
14-02-2020 13:12,20300
14-02-2020 13:46,57500
14-02-2020 14:16,16100
14-02-2020 14:18,67000
14-02-2020 15:27,15100
15-02-2020 11:07,25000
15-02-2020 11:59,17000
15-02-2020 12:15,19000
15-02-2020 12:31,16500
15-02-2020 12:35,15500
15-02-2020 12:50,17500
15-02-2020 12:55,20500
15-02-2020 13:04,19300
15-02-2020 13:38,17300
15-02-2020 14:03,32100
15-02-2020 14:13,16100
15-02-2020 17:19,19600
16-02-2020 11:17,27100
16-02-2020 11:17,17000
16-02-2020 11:30,19800
16-02-2020 11:57,26600
16-02-2020 12:03,14300
16-02-2020 12:06,22100
16-02-2020 12:07,41800
16-02-2020 12:41,14800
16-02-2020 12:43,18300
16-02-2020 13:09,15000
16-02-2020 13:51,25300
16-02-2020 14:06,15600
16-02-2020 14:46,16100
16-02-2020 15:17,16400
17-02-2020 11:20,15500
17-02-2020 12:24,15800
17-02-2020 13:03,20100
17-02-2020 13:05,20300
17-02-2020 13:33,23300
17-02-2020 13:48,16800
17-02-2020 14:29,20300
17-02-2020 15:25,36600
17-02-2020 17:01,14500
19-02-2020 11:00,14500
19-02-2020 11:34,14500
19-02-2020 11:39,19600
19-02-2020 11:49,18600
19-02-2020 12:07,16000
19-02-2020 12:12,24600
19-02-2020 13:01,17500
19-02-2020 13:03,17100
19-02-2020 22:13,15800
19-02-2020 14:40,30800
19-02-2020 14:42,23000
20-02-2020 11:05,23100
20-02-2020 11:06,20000
20-02-2020 11:11,23800
20-02-2020 11:11,26800
20-02-2020 11:01,14800
20-02-2020 11:23,27600
20-02-2020 12:12,14800
20-02-2020 12:51,15600
20-02-2020 13:18,15800
20-02-2020 13:50,42200
20-02-2020 15:41,25400
21-02-2020 11:14,15300
21-02-2020 11:40,18000
21-02-2020 11:54,19800
21-02-2020 13:20,20000
21-02-2020 13:28,14800
21-02-2020 13:32,18500
21-02-2020 14:21,33500
21-02-2020 14:41,15800
22-02-2020 11:03,14300
22-02-2020 11:09,28300
22-02-2020 11:14,16300
22-02-2020 11:35,18600
22-02-2020 11:39,21200
22-02-2020 12:13,17000
22-02-2020 12:14,19300
22-02-2020 12:22,17100
22-02-2020 12:25,16300
22-02-2020 12:33,14500
22-02-2020 12:48,16100
22-02-2020 13:10,22000
22-02-2020 13:24,17500
22-02-2020 13:51,21500
22-02-2020 14:02,23100
22-02-2020 14:14,15400
22-02-2020 14:22,15100
22-02-2020 15:00,24100
22-02-2020 17:20,15300
23-02-2020 11:04,35300
23-02-2020 11:06,18000
23-02-2020 11:07,41300
23-02-2020 11:10,26600
23-02-2020 11:13,27200
23-02-2020 11:32,24100
23-02-2020 11:41,17000
23-02-2020 11:47,23500
23-02-2020 11:52,25500
23-02-2020 12:09,20300
23-02-2020 12:25,15300
23-02-2020 12:27,23100
23-02-2020 12:38,18800
23-02-2020 12:39,19800
23-02-2020 12:42,24300
23-02-2020 12:49,32000
23-02-2020 13:06,20300
23-02-2020 13:09,21800
23-02-2020 13:35,18500
23-02-2020 13:58,18000
23-02-2020 14:05,22300
23-02-2020 14:07,24000
23-02-2020 14:21,24400
23-02-2020 15:07,15800
23-02-2020 15:57,15600
23-02-2020 16:00,26600
23-02-2020 16:29,30100
23-02-2020 16:42,17600
24-02-2020 11:07,29900
24-02-2020 12:09,17900
24-02-2020 12:26,29900
24-02-2020 12:52,26900
24-02-2020 14:32,26800
24-02-2020 14:36,22600
24-02-2020 15:02,16100
24-02-2020 15:55,19300
26-02-2020 11:07,15800
26-02-2020 11:12,31600
26-02-2020 11:18,15600
26-02-2020 11:20,18300
26-02-2020 11:55,15300
26-02-2020 12:01,23300
26-02-2020 12:34,22000
26-02-2020 12:48,15000
26-02-2020 12:49,14500
26-02-2020 13:03,17800
26-02-2020 13:08,15300
26-02-2020 13:28,15800
26-02-2020 13:38,20800
26-02-2020 13:46,14500
26-02-2020 14:29,23300
26-02-2020 14:40,17100
26-02-2020 15:49,21200
26-02-2020 16:13,27900
27-02-2020 11:15,23300
27-02-2020 11:23,23800
27-02-2020 11:24,15300
27-02-2020 11:25,23100
27-02-2020 11:26,20900
27-02-2020 12:04,14800
27-02-2020 12:20,19800
27-02-2020 14:22,22000
27-02-2020 15:45,15100
27-02-2020 15:47,19600
28-02-2020 11:02,33800
28-02-2020 11:09,25100
28-02-2020 11:09,23100
28-02-2020 11:13,20100
28-02-2020 11:52,16500
28-02-2020 11:54,14800
28-02-2020 12:04,20300
28-02-2020 12:10,24500
28-02-2020 12:28,51100
28-02-2020 12:57,19600
28-02-2020 13:26,18000
28-02-2020 13:36,16100
28-02-2020 15:50,17800
28-02-2020 16:33,15600
28-02-2020 16:58,20600
29-02-2020 11:03,20600
29-02-2020 11:09,17300
29-02-2020 11:14,16100
29-02-2020 11:35,16300
29-02-2020 12:44,23600
29-02-2020 12:48,19000
29-02-2020 12:49,18500
29-02-2020 12:52,21300
29-02-2020 12:54,21800
29-02-2020 14:23,22800
29-02-2020 14:25,15300
29-02-2020 14:55,18000
29-02-2020 15:34,19300
29-02-2020 16:31,23600
01-03-2020 11:06,34100
01-03-2020 11:06,29800
01-03-2020 11:14,23800
01-03-2020 11:18,21100
01-03-2020 11:26,14000
01-03-2020 11:47,41800
01-03-2020 12:13,14800
01-03-2020 12:19,20800
01-03-2020 12:45,22300
01-03-2020 13:10,33400
01-03-2020 13:23,16300
01-03-2020 13:32,24800
01-03-2020 14:17,20800
01-03-2020 14:19,23500
01-03-2020 14:27,27300
01-03-2020 14:57,14500
01-03-2020 15:16,20300
02-03-2020 12:26,31400
02-03-2020 12:28,14800
02-03-2020 12:51,27800
02-03-2020 13:00,15800
02-03-2020 13:00,18300
02-03-2020 13:00,20000
02-03-2020 13:32,33600
02-03-2020 13:41,20300
02-03-2020 14:00,15300
02-03-2020 14:02,21600
02-03-2020 14:35,19000
02-03-2020 16:40,16300
02-03-2020 17:05,18800
05-03-2020 11:03,14800
05-03-2020 11:36,37100
05-03-2020 11:39,15500
05-03-2020 12:00,20500
05-03-2020 12:00,24300
05-03-2020 12:11,17800
05-03-2020 12:17,14800
05-03-2020 12:28,18000
05-03-2020 13:33,17600
05-03-2020 13:36,25700
05-03-2020 13:39,18500
05-03-2020 13:40,16400
05-03-2020 13:46,16300
05-03-2020 13:48,27800
05-03-2020 14:20,15600
05-03-2020 14:26,14300
05-03-2020 14:49,20800
05-03-2020 14:50,17400
05-03-2020 15:03,17300
05-03-2020 15:26,15100
05-03-2020 15:29,15300
05-03-2020 15:56,20600
06-03-2020 11:07,19800
06-03-2020 11:53,17500
06-03-2020 12:02,16800
06-03-2020 12:15,18500
06-03-2020 12:21,16300
06-03-2020 12:22,22800
06-03-2020 12:22,14800
06-03-2020 12:24,25600
06-03-2020 12:27,18300
06-03-2020 13:12,27000
06-03-2020 13:21,20600
06-03-2020 13:24,21100
06-03-2020 13:44,15800
06-03-2020 14:00,15800
06-03-2020 14:05,16300
06-03-2020 14:34,18800
07-03-2020 11:16,14800
07-03-2020 11:29,20800
07-03-2020 12:00,19300
07-03-2020 12:02,17300
07-03-2020 12:39,17500
07-03-2020 12:58,23000
07-03-2020 12:59,18300
07-03-2020 12:59,14800
07-03-2020 13:07,19500
07-03-2020 13:17,15500
07-03-2020 13:20,19600
07-03-2020 13:53,28100
07-03-2020 14:20,19800
07-03-2020 14:40,14000
07-03-2020 14:54,15600
07-03-2020 14:56,16800
08-03-2020 11:09,14800
08-03-2020 11:19,19000
08-03-2020 11:38,16800
08-03-2020 12:03,29100
08-03-2020 12:03,19600
08-03-2020 12:13,15000
08-03-2020 12:28,32800
08-03-2020 12:50,14300
08-03-2020 12:52,21300
08-03-2020 13:26,20300
08-03-2020 13:34,18000
08-03-2020 13:44,19600
08-03-2020 13:48,18500
08-03-2020 14:07,22300
08-03-2020 15:18,25400
08-03-2020 15:23,16100
08-03-2020 15:35,18300
08-03-2020 16:19,14800
09-03-2020 11:23,21300
09-03-2020 11:42,14800
09-03-2020 12:16,20500
09-03-2020 12:24,16000
09-03-2020 12:47,15600
09-03-2020 12:50,19000
09-03-2020 13:20,18800
09-03-2020 14:05,18000
11-03-2020 11:10,28600
11-03-2020 11:24,24300
11-03-2020 11:51,16000
11-03-2020 11:57,27100
11-03-2020 12:05,26100
11-03-2020 13:03,16100
11-03-2020 13:14,22100
11-03-2020 13:17,25300
11-03-2020 13:21,19000
12-03-2020 11:03,22800
12-03-2020 11:20,34100
12-03-2020 11:31,18000
12-03-2020 11:42,27800
12-03-2020 11:45,17300
12-03-2020 12:23,20800
12-03-2020 13:34,25100
12-03-2020 13:56,47000
12-03-2020 14:32,16100
12-03-2020 15:17,22800
13-03-2020 11:46,23800
13-03-2020 12:14,21600
13-03-2020 12:25,14800
13-03-2020 12:30,14800
13-03-2020 12:35,18800
13-03-2020 12:37,25100
13-03-2020 13:43,15300
13-03-2020 13:48,15300
13-03-2020 14:37,22800
13-03-2020 15:49,15100
13-03-2020 15:58,19600
13-03-2020 16:25,17100
14-03-2020 11:03,15100
14-03-2020 11:11,28300
14-03-2020 11:29,15300
14-03-2020 11:45,18000
14-03-2020 12:22,19000
14-03-2020 12:57,17500
14-03-2020 13:05,14500
14-03-2020 13:49,15800
14-03-2020 13:52,21800
14-03-2020 14:11,15300
14-03-2020 14:36,16100
14-03-2020 14:47,15800
15-03-2020 11:13,19300
15-03-2020 11:19,14300
15-03-2020 11:40,18600
15-03-2020 12:03,20500
15-03-2020 12:35,15600
15-03-2020 13:02,15000
15-03-2020 13:44,14800
15-03-2020 13:45,28000
15-03-2020 14:05,15000
15-03-2020 14:07,25000
15-03-2020 14:09,21800
15-03-2020 14:15,19400
15-03-2020 14:18,16000
15-03-2020 14:27,16400
16-03-2020 11:11,19300
16-03-2020 11:56,22600
16-03-2020 11:59,26800
16-03-2020 12:32,15300
16-03-2020 12:46,26800
16-03-2020 12:58,23100
16-03-2020 13:19,15300
16-03-2020 13:23,20800
16-03-2020 13:29,14800
16-03-2020 13:45,17000
16-03-2020 14:05,34900
16-03-2020 16:13,26800
18-03-2020 11:10,24000
18-03-2020 11:32,20100
18-03-2020 11:43,30500
18-03-2020 12:08,14000
18-03-2020 12:10,15800
18-03-2020 12:18,14500
18-03-2020 12:29,39100
18-03-2020 12:40,42400
18-03-2020 12:53,20600
18-03-2020 13:06,17500
18-03-2020 13:42,25700
18-03-2020 14:06,27900
18-03-2020 14:30,15400
18-03-2020 14:31,16100
19-03-2020 11:06,16300
19-03-2020 11:07,14000
19-03-2020 11:16,28200
19-03-2020 12:25,23100
19-03-2020 12:28,16400
19-03-2020 12:30,22800
19-03-2020 14:38,17600
19-03-2020 14:47,15100
19-03-2020 15:11,20000
20-03-2020 11:29,25800
20-03-2020 12:17,28800
20-03-2020 12:33,16100
20-03-2020 12:34,17000
20-03-2020 13:48,19300
20-03-2020 14:19,14800
20-03-2020 15:40,14000
21-03-2020 11:04,27800
21-03-2020 11:04,16100
21-03-2020 11:28,31600
21-03-2020 11:33,20000
21-03-2020 11:44,27600
21-03-2020 12:02,37700
21-03-2020 12:07,14300
21-03-2020 12:11,20900
21-03-2020 12:34,14800
21-03-2020 12:51,18300
21-03-2020 13:32,19300
21-03-2020 13:38,17500
21-03-2020 13:41,17800
21-03-2020 14:17,33100
21-03-2020 14:28,15800
21-03-2020 15:02,16400
21-03-2020 15:14,19600
22-03-2020 11:02,18500
22-03-2020 11:22,14800
22-03-2020 11:34,15100
22-03-2020 11:43,32900
22-03-2020 12:19,16600
22-03-2020 12:38,31500
22-03-2020 12:43,15100
22-03-2020 13:19,21800
22-03-2020 13:21,20900
22-03-2020 13:52,15600
22-03-2020 14:31,19500
22-03-2020 14:51,16100
22-03-2020 15:21,19300
23-03-2020 11:06,14500
23-03-2020 11:53,14500
23-03-2020 12:04,15500
23-03-2020 12:37,34100
23-03-2020 12:44,15000
23-03-2020 13:12,18600
23-03-2020 13:57,17800
23-03-2020 13:58,24200
23-03-2020 14:32,40700
23-03-2020 14:49,18300
25-03-2020 11:05,19300
25-03-2020 11:13,15800
25-03-2020 12:42,18800
25-03-2020 14:08,18000
25-03-2020 14:12,22300
25-03-2020 14:17,21300
25-03-2020 14:38,14000
25-03-2020 14:57,14500
25-03-2020 15:54,16400
25-03-2020 15:59,35600
25-03-2020 16:17,20300
26-03-2020 11:04,15300
26-03-2020 11:04,16600
26-03-2020 11:32,43200
26-03-2020 13:06,18300
26-03-2020 14:35,24700
26-03-2020 14:44,31100
26-03-2020 15:07,15800
26-03-2020 15:10,26900
26-03-2020 15:22,14800
27-03-2020 11:42,17000
27-03-2020 11:51,14800
27-03-2020 13:00,19500
27-03-2020 13:10,18500
27-03-2020 13:36,24800
27-03-2020 14:19,15300
27-03-2020 15:11,15100
27-03-2020 15:36,28800
27-03-2020 15:38,16100
27-03-2020 15:48,14000
27-03-2020 16:23,14800
28-03-2020 11:09,26300
28-03-2020 11:14,19300
28-03-2020 11:38,14800
28-03-2020 11:55,40300
28-03-2020 12:17,15500
28-03-2020 13:05,22600
28-03-2020 13:36,18000
28-03-2020 13:39,24100
28-03-2020 15:14,16600
29-03-2020 11:09,21800
29-03-2020 11:25,27800
29-03-2020 11:59,15800
29-03-2020 12:02,29800
29-03-2020 12:09,14100
29-03-2020 12:15,26900
29-03-2020 12:31,19300
29-03-2020 12:59,24300
29-03-2020 13:04,29600
29-03-2020 13:16,19600
29-03-2020 13:16,18600
29-03-2020 13:28,15000
29-03-2020 14:02,26300
29-03-2020 15:37,15300
29-03-2020 12:09,16100
30-03-2020 11:22,17300
30-03-2020 11:28,28600
30-03-2020 12:07,19300
30-03-2020 13:25,18800
30-03-2020 13:38,14500
30-03-2020 14:08,32400
30-03-2020 14:46,14800
30-03-2020 15:07,17800
30-03-2020 16:21,19800
30-03-2020 16:22,35300
01-04-2020 11:01,16400
01-04-2020 11:15,29400
01-04-2020 11:54,16100
01-04-2020 12:32,23100
01-04-2020 12:45,18300
01-04-2020 13:29,32100
01-04-2020 13:44,22800
01-04-2020 13:49,28800
01-04-2020 14:18,24300
01-04-2020 14:28,18800
02-04-2020 11:06,16000
02-04-2020 11:06,15800
02-04-2020 11:43,22800
02-04-2020 11:54,15300
02-04-2020 12:01,18600
02-04-2020 12:11,28800
02-04-2020 12:38,18000
02-04-2020 13:12,15800
02-04-2020 13:12,23100
02-04-2020 13:58,20600
02-04-2020 15:49,16100
02-04-2020 16:02,14300
02-04-2020 16:03,26900
02-04-2020 16:21,29500
02-04-2020 16:31,16100
03-04-2020 11:24,24800
03-04-2020 11:43,23600
03-04-2020 11:44,14300
03-04-2020 12:08,19300
03-04-2020 13:29,44500
03-04-2020 14:12,14000
04-04-2020 11:54,18300
04-04-2020 12:36,14800
04-04-2020 13:02,27800
04-04-2020 14:06,21800
04-04-2020 14:07,19600
04-04-2020 14:56,18800
04-04-2020 15:24,15100
04-04-2020 16:11,16800
05-04-2020 11:02,21800
05-04-2020 11:18,19000
05-04-2020 12:33,16300
05-04-2020 13:05,24600
05-04-2020 13:17,17100
05-04-2020 13:29,14800
05-04-2020 13:34,22300
05-04-2020 14:41,26300
05-04-2020 14:56,14100
05-04-2020 15:28,18100
05-04-2020 16:03,15000
05-04-2020 16:23,16400
06-04-2020 11:24,19800
06-04-2020 11:54,18300
06-04-2020 14:41,14500
06-04-2020 15:38,20600
06-04-2020 15:55,27100
06-04-2020 16:41,16400
06-04-2020 17:21,15300
08-04-2020 11:01,17300
08-04-2020 11:22,16300
08-04-2020 11:40,25800
08-04-2020 11:53,28800
08-04-2020 12:01,30300
08-04-2020 12:10,19800
08-04-2020 13:20,17100
08-04-2020 14:49,18000
08-04-2020 14:56,21200
08-04-2020 15:53,22300
08-04-2020 16:38,25000
08-04-2020 17:09,16400
08-04-2020 17:17,14300
09-04-2020 11:05,18800
09-04-2020 11:10,26600
09-04-2020 11:58,15600
09-04-2020 11:59,20300
09-04-2020 12:00,30800
09-04-2020 12:45,14500
09-04-2020 13:25,14100
09-04-2020 14:31,19500
09-04-2020 15:44,14300
09-04-2020 16:44,24100
10-04-2020 11:43,19300
10-04-2020 11:45,20500
10-04-2020 12:29,15300
10-04-2020 12:53,14300
10-04-2020 14:55,14300
10-04-2020 16:13,31600
10-04-2020 17:14,15500
10-04-2020 17:24,18600
11-04-2020 11:20,17300
11-04-2020 11:40,29800
11-04-2020 12:34,21000
11-04-2020 12:40,18300
11-04-2020 14:45,14000
11-04-2020 15:01,19300
12-04-2020 11:05,32200
12-04-2020 11:52,36900
12-04-2020 12:08,24300
12-04-2020 12:19,15300
12-04-2020 12:35,18300
12-04-2020 13:33,18300
12-04-2020 14:06,15000
12-04-2020 14:30,15800
12-04-2020 14:32,14300
12-04-2020 15:24,21600
13-04-2020 14:06,27000
13-04-2020 15:19,26300
15-04-2020 11:20,19800
15-04-2020 11:43,27100
15-04-2020 12:36,14300
15-04-2020 13:19,34000
15-04-2020 13:49,14300
15-04-2020 13:52,17300
15-04-2020 14:22,14800
15-04-2020 15:01,16000
15-04-2020 15:17,29200
15-04-2020 15:59,15600
16-04-2020 11:46,19300
16-04-2020 11:51,18800
16-04-2020 12:15,27600
16-04-2020 13:04,18300
16-04-2020 16:58,18800
17-04-2020 11:45,20100
17-04-2020 12:12,19300
17-04-2020 13:18,15500
17-04-2020 13:38,20600
17-04-2020 14:24,18600
17-04-2020 15:01,19800
17-04-2020 16:05,17000
17-04-2020 16:30,16100
18-04-2020 11:19,19300
18-04-2020 11:22,18600
18-04-2020 11:22,16300
18-04-2020 11:39,20800
18-04-2020 11:46,33900
18-04-2020 12:22,16300
18-04-2020 12:35,15800
18-04-2020 13:42,15000
18-04-2020 14:10,36000
18-04-2020 14:12,30100
18-04-2020 14:17,14500
18-04-2020 14:35,17800
18-04-2020 14:10,14800
19-04-2020 11:09,24100
19-04-2020 11:26,21200
19-04-2020 12:35,14300
19-04-2020 14:04,24600
19-04-2020 15:02,16500
19-04-2020 15:16,16100
19-04-2020 16:46,23900
20-04-2020 11:17,25100
20-04-2020 12:13,20000
20-04-2020 12:32,16500
20-04-2020 12:45,17400
20-04-2020 12:53,16000
20-04-2020 14:46,64000
20-04-2020 14:56,29900
22-04-2020 11:02,20100
22-04-2020 11:51,18600
22-04-2020 11:53,18000
22-04-2020 12:06,28600
22-04-2020 12:18,18300
22-04-2020 12:53,18800
22-04-2020 13:05,20300
22-04-2020 13:07,25100
22-04-2020 13:43,25700
22-04-2020 15:05,16800
22-04-2020 15:49,15100
23-04-2020 11:07,20900
23-04-2020 11:40,28500
23-04-2020 12:57,17500
23-04-2020 13:17,20100
23-04-2020 13:57,17300
23-04-2020 15:10,26000
23-04-2020 15:14,19000
23-04-2020 15:16,15000
24-04-2020 11:12,18800
24-04-2020 12:00,19500
24-04-2020 12:15,30900
24-04-2020 12:53,24800
24-04-2020 14:03,14000
24-04-2020 14:32,16600
24-04-2020 15:10,26000
24-04-2020 16:27,15300
25-04-2020 11:10,18300
25-04-2020 11:16,30800
25-04-2020 11:16,31200
25-04-2020 11:37,20600
25-04-2020 11:42,36600
25-04-2020 11:52,14800
25-04-2020 13:18,19300
25-04-2020 13:30,28600
25-04-2020 13:56,29300
25-04-2020 13:56,19000
25-04-2020 14:25,22800
25-04-2020 14:27,20800
25-04-2020 16:13,15800
26-04-2020 11:03,38900
26-04-2020 11:05,33300
26-04-2020 11:51,28300
26-04-2020 12:00,23300
26-04-2020 12:02,23600
26-04-2020 13:01,16300
26-04-2020 13:01,14800
26-04-2020 13:44,22200
26-04-2020 13:55,15100
26-04-2020 14:05,17600
26-04-2020 14:13,17000
26-04-2020 15:14,27300
27-04-2020 11:28,18300
27-04-2020 11:36,18800
27-04-2020 11:41,19800
27-04-2020 11:42,30800
27-04-2020 11:56,22300
27-04-2020 12:02,15000
27-04-2020 12:08,14800
27-04-2020 12:31,18800
27-04-2020 13:22,14500
27-04-2020 13:35,14000
27-04-2020 14:42,14300
27-04-2020 15:07,18800
27-04-2020 15:10,25800
27-04-2020 16:00,18600
29-04-2020 12:00,21800
29-04-2020 12:24,23500
29-04-2020 13:15,14800
29-04-2020 13:58,15100
29-04-2020 15:05,26800
29-04-2020 16:35,16100
30-04-2020 11:18,31300
30-04-2020 11:43,18300
30-04-2020 12:17,18800
30-04-2020 13:10,14800
30-04-2020 13:43,16800
30-04-2020 15:01,18800
30-04-2020 16:02,15300
01-05-2020 11:09,31600
01-05-2020 11:10,21200
01-05-2020 11:32,15000
01-05-2020 11:47,19800
01-05-2020 12:00,30800
01-05-2020 12:10,18300
01-05-2020 13:05,28400
01-05-2020 13:55,21300
01-05-2020 15:03,14800
01-05-2020 15:19,14500
02-05-2020 11:37,19500
02-05-2020 11:39,19800
02-05-2020 12:15,14300
02-05-2020 13:45,15000
02-05-2020 14:45,24100
